Razão Social;Nome Fantasia;CNPJ;Porte;Data de Inicio da Operação;Situação;Atividade;CEP;UF;Localidade;Bairro;Logradouro;Complemento;Telefone;Email Institucional;Email Comercial;Site;Data de Geração do Certificado;Data de Validade do Certificado;Código do Certificado;CNAE;Natureza Jurídica;Tipo de Atividade;Área Total Construída em m2;Área Locável em m2;Línguas
P R M SONORIZACAO E ACESSORIOS LTDA;ELETROKAR;00.688.461/0001-07;MICROEMPRESA;03/07/1995;Em Operação;Centro de Convenções;36930-000;MG;Simonésia; - ;avenida maria alves de abreu 266;loja;(33)3336-1460;CONT.KLEINPAUL@HOTMAIL.COM;eletrokarpaulo@hotmail.com; - ;17/04/2019 14:06:41;17/04/2021 14:06:41;00.688.461/0001-07;8230-0/01 - SERVIÇOS DE ORGANIZAÇÃO DE FEIRAS, CONGRESSOS, EXPOSIÇÕES E FESTAS;Sociedade Empresária Limitada;Centro de Convenções e Feiras;800;3000;Inglês|Espanhol
CERRADO BRASIL EVENTOS LTDA;CERRADO BRASIL;01.334.865/0001-57;EMPRESA DE PEQUENO PORTE;29/07/1996;Em Operação;Centro de Convenções;79823-800;MS;Dourados;Conjunto Residencial Monte Carlo;Albino Sotolani; - ;(67)3421-8736;jose.piveta@cerradobrasileventos.com.br;jose.piveta@cerradobrasileventos.com.br; - ;25/06/2019 12:21:59;25/06/2021 12:21:59;01.334.865/0001-57;8230-0/02 - CASAS DE FESTAS E EVENTOS;Sociedade Empresária Limitada;Pavilhão de Feiras, Centro de Eventos, Arena Multiuso e Espaço para Eventos;2100;2100;Inglês
DORIA ADMINISTRACAO E EVENTOS LTDA.;CAMPOS DO JORDÃO CONVENTION CENTER;01.409.348/0003-61;DEMAIS;02/04/2009;Em Operação;Centro de Convenções;12460-000;SP;Campos do Jordão; - ;AVENIDA MACEDO SOARES,499;;(12)3663-5144;luizpadovan@grupodoria.com.br;luizpadovan@grupodoria.com.br; - ;22/08/2019 09:51:37;22/08/2021 09:51:37;01.409.348/0003-61;8230-0/01 - SERVIÇOS DE ORGANIZAÇÃO DE FEIRAS, CONGRESSOS, EXPOSIÇÕES E FESTAS;Sociedade Empresária Limitada;Centro de Exposições;6789;6789; - 
F F AZZI PARANHOS COMERCIAL EIRELI;VICTORIA EVENTOS;02.134.947/0001-10;MICROEMPRESA;23/09/1997;Em Operação;Centro de Convenções;76803-796;RO;Porto Velho;São João Bosco;Antônio Serpa do Amaral; - ;(69)3221-7218;victoriaeventos2016@gmail.com;victoriaeventos2016@gmail.com; - ;25/01/2018 14:10:06;25/01/2020 00:00:00;02.134.947/0001-10;8230-0/02 - CASAS DE FESTAS E EVENTOS;Empresa Individual de Responsabilidade Limitada (de Natureza Empresária);Centro de Convenções e Feiras;200;30; - 
VALE DO MOXUARA TURISMO RURAL LTDA;VALE DO MOXUARA;02.444.078/0001-20;EMPRESA DE PEQUENO PORTE;31/03/1998;Em Operação;Centro de Convenções;29159-899;ES;Cariacica;Área Rural de Cariacica;Rural; - ;(27)3254-1488;contato@valedomoxuara.com.br;contato@valedomoxuara.com.br;www.valedomoxuara.com.br;29/08/2019 17:23:05;29/08/2021 17:23:05;02.444.078/0001-20;8230-0/02 - CASAS DE FESTAS E EVENTOS;Sociedade Empresária Limitada;Pavilhão de Feiras, Centro de Eventos, Arena Multiuso e Espaço para Eventos;2300;1800; - 
TRECXON COMERCIAL LTDA;Trecsson Business;04.008.771/0001-86;MICROEMPRESA;26/07/2000;Em Operação;Centro de Convenções;87070-000;PR;Maringá;Gleba Patrimônio Maringá;Colombo;- de 8413/8414 ao fim;(44)3029-1162;administrativo@nossoescritorio.com.br;eventos@trecsson.com.br;www.trecsson.com.br;08/03/2019 14:42:38;08/03/2021 14:42:38;04.008.771/0001-86;8230-0/01 - SERVIÇOS DE ORGANIZAÇÃO DE FEIRAS, CONGRESSOS, EXPOSIÇÕES E FESTAS;Sociedade Empresária Limitada;Pavilhão de Feiras, Centro de Eventos, Arena Multiuso e Espaço para Eventos;2000;1000;Inglês|Espanhol|Francês
HOTEIS E TURISMO DO NORDESTE EIRELI;HOTEIS E TURISMO DO NORDESTE LTDA;04.282.640/0001-92;EMPRESA DE PEQUENO PORTE;13/02/2001;Em Operação;Centro de Convenções;55296-300;PE;Garanhuns;Heliópolis;Rui Barbosa;- até 1396 - lado par;(87)3762-8700;RESERVAS@TAVARESCORREIA.COM;RESERVAS@TAVARESCORREIA.COM;www.tavarescorreia.com;28/06/2018 08:20:22;28/06/2020 08:20:22;04.282.640/0001-92;8230-0/02 - CASAS DE FESTAS E EVENTOS;Empresa Individual de Responsabilidade Limitada (de Natureza Empresária);Centro de Convenções e Feiras;2300;2000; - 
COSTA DO SOL HOTEL EIRELI ME;COSTA DO SOL;05.119.929/0001-58;MICROEMPRESA;17/05/2002;Em Operação;Centro de Convenções;28950-000;RJ;Armação dos Búzios; - ;Rua 16;Hotel;(22)2623-5269;financeiro@costadosolboutiquehotel.com.br;reservas@costadosolboutiquehotel.com.br;costadosolboutiquehote.com.br;18/01/2019 14:10:43;18/01/2021 14:10:43;05.119.929/0001-58;8230-0/01 - SERVIÇOS DE ORGANIZAÇÃO DE FEIRAS, CONGRESSOS, EXPOSIÇÕES E FESTAS;Empresa Individual de Responsabilidade Limitada (de Natureza Empresária);Centro de Convenções e Feiras;600;400;Inglês|Espanhol
ART TURISMO E EVENTOS LTDA;ART TURISMO;05.337.186/0001-92;MICROEMPRESA;01/10/2002;Em Operação;Centro de Convenções;01503-001;SP;São Paulo;Liberdade;da Liberdade;- de 369 ao fim - lado ímpar;(11)3275-4400;artturismo@terra.com.br;artturismo@terra.com.br; - ;24/07/2019 14:05:01;24/07/2021 14:05:01;05.337.186/0001-92;8230-0/01 - SERVIÇOS DE ORGANIZAÇÃO DE FEIRAS, CONGRESSOS, EXPOSIÇÕES E FESTAS;Sociedade Empresária Limitada;Pavilhão de Feiras, Centro de Eventos, Arena Multiuso e Espaço para Eventos;50;50; - 
GL EVENTS CENTRO DE CONVENCOES S.A.;GL EVENTS CENTRO DE CONVENÇÕES - JEUNESSE ARENA;05.495.076/0002-30;DEMAIS;11/02/2008;Em Operação;Centro de Convenções;22775-040;RJ;Rio de Janeiro;Barra da Tijuca;Embaixador Abelardo Bueno;3401 - PORTÃO 5;(21)2430-1700;rodrigo.oliveira@glbr.com.br;rodrigo.oliveira@glbr.com.br;http://jeunessearena.com.br/;02/04/2018 11:01:26;02/04/2020 11:01:26;05.495.076/0002-30;8230-0/02 - CASAS DE FESTAS E EVENTOS;Sociedade Anônima Fechada;Pavilhão de Feiras, Centro de Eventos, Arena Multiuso e Espaço para Eventos;2400;2400;Português|Inglês|Francês
R.R.G. VIAGENS E TURISMO LTDA;R.R.G. VIAGENS E TURISMO LTDA ME;05.823.186/0001-00;MICROEMPRESA;12/08/2003;Em Operação;Centro de Convenções;14025-010;SP;Ribeirão Preto;Jardim Sumaré;João Penteado;- até 1433/1434;(16)3434-4464;planeccontabil@uol.com.br;planeccontabil@uol.com.br; - ;17/04/2018 13:20:41;17/04/2020 13:20:41;05.823.186/0001-00;8230-0/01 - SERVIÇOS DE ORGANIZAÇÃO DE FEIRAS, CONGRESSOS, EXPOSIÇÕES E FESTAS;Sociedade Empresária Limitada;Centro de Convenções e Feiras;60;60; - 
ADVISER EVENTOS LIMITADA;Adviser Eventos;05.900.200/0001-14;EMPRESA DE PEQUENO PORTE;19/09/2003;Em Operação;Centro de Convenções;22040-001;RJ;Rio de Janeiro;Copacabana;Barata Ribeiro;- de 247 a 571 - lado ímpar;(21)2547-1197;CHRISTIANO@ADVISEREVENTOS.COM.BR;CHRISTIANO@ADVISEREVENTOS.COM.BR; - ;08/03/2018 14:31:04;08/03/2020 14:31:04;05.900.200/0001-14;8230-0/01 - SERVIÇOS DE ORGANIZAÇÃO DE FEIRAS, CONGRESSOS, EXPOSIÇÕES E FESTAS;Sociedade Empresária Limitada;Centro de Convenções e Feiras;95;95; - 
LAGGUS EVENTOS LTDA;Laggus Eventos;06.098.803/0001-07;MICROEMPRESA;17/12/2003;Em Operação;Centro de Convenções;83609-390;PR;Curitiba;Vila David Antônio;Sílvio Dallagrana;8000;(41)3254-4522;laggus@laggus.com.br;laggus@laggus.com.br;www.laggus.com.br;15/07/2019 14:00:17;15/07/2021 14:00:17;06.098.803/0001-07;8230-0/01 - SERVIÇOS DE ORGANIZAÇÃO DE FEIRAS, CONGRESSOS, EXPOSIÇÕES E FESTAS;Sociedade Empresária Limitada;Pavilhão de Feiras, Centro de Eventos, Arena Multiuso e Espaço para Eventos;600;600; - 
EXITO OPERADORA E AGENCIA DE VIAGENS LTDA.;EXITO;06.876.359/0001-03;MICROEMPRESA;29/07/2004;Em Operação;Centro de Convenções;86125-000;PR;Londrina; - ;Estrada do Kandiro, sn;Estancia Cachoeira;(43)9910-1691;rotasonholindo@rotasonholindo.com;rotasonholindo@rotasonholindo.com;www.rotasonholindo.com.br;17/04/2019 15:44:08;17/04/2021 15:44:08;06.876.359/0001-03;8230-0/01 - SERVIÇOS DE ORGANIZAÇÃO DE FEIRAS, CONGRESSOS, EXPOSIÇÕES E FESTAS;Sociedade Empresária Limitada;Pavilhão de Feiras, Centro de Eventos, Arena Multiuso e Espaço para Eventos;500;2000;Inglês|Espanhol|Alemão
VIA CATARINA HOTELARIA E PARTICIPACOES LTDA;VIA CATARINA;07.046.982/0001-00;DEMAIS;13/10/2004;Em Operação;Centro de Convenções;88330-901;SC;Balneário Camboriú;Centro;Brasil;;(47)3261-5000;osny.gerencia@sibaraflathotel.com.br;osny.gerencia@sibaraflathotel.com.br;WWW.SIBARAFLATHOTEL.COM.BR;08/11/2018 14:03:15;08/11/2020 14:03:15;07.046.982/0001-00;8230-0/01 - SERVIÇOS DE ORGANIZAÇÃO DE FEIRAS, CONGRESSOS, EXPOSIÇÕES E FESTAS;Sociedade Empresária Limitada;Centro de Convenções e Feiras;2940;2340; - 
FRANCIVALDO SOUSA DA SILVA;VMHS COMERCIO E REPRESENTACOES;07.123.504/0001-48;DEMAIS;10/12/2004;Em Operação;Centro de Convenções;62665-000;CE;São Luís do Curu; - ;Rua Rochael Moreira 54;casa;(85)9923-4010;valdosousa1@hotmail.com;valdosousa1@hotmail.com;https://asafor.com.br;29/01/2019 12:08:59;29/01/2021 12:08:59;07.123.504/0001-48;8230-0/01 - SERVIÇOS DE ORGANIZAÇÃO DE FEIRAS, CONGRESSOS, EXPOSIÇÕES E FESTAS;Empresário (Individual);Pavilhão de Feiras, Centro de Eventos, Arena Multiuso e Espaço para Eventos;200;200; - 
VIA-APIA EVENTOS, FEIRAS, CONGRESSOS E PROMOCOES LTDA;Via Apia Eventos;07.224.522/0001-16;MICROEMPRESA;15/02/2005;Em Operação;Centro de Convenções;89025-300;SC;Blumenau;Glória;da Glória;- de 299 a 855 - lado ímpar;(47)3336-3314;financeiro@viaapiaeventos.com.br;financeiro@viaapiaeventos.com.br; - ;19/04/2018 14:00:46;19/04/2020 14:00:46;07.224.522/0001-16;8230-0/01 - SERVIÇOS DE ORGANIZAÇÃO DE FEIRAS, CONGRESSOS, EXPOSIÇÕES E FESTAS;Sociedade Empresária Limitada;Pavilhão de Feiras, Centro de Eventos, Arena Multiuso e Espaço para Eventos;1300;1500; - 
V. B. DE OLIVEIRA PALACE HOTEL;OLIVEIRA PALACE HOTEL;07.233.544/0001-42;MICROEMPRESA;16/02/2005;Em Operação;Centro de Convenções;76916-000;RO;Cacoal; - ;av tiradentes;;(69)3471-1070;oliveirapalacehotel@outllok.com;oliveirapalacehotel@outllok.com; - ;22/03/2019 13:35:23;22/03/2021 13:35:23;07.233.544/0001-42;8230-0/02 - CASAS DE FESTAS E EVENTOS;Empresário (Individual);Centro de Convenções e Feiras;300;300;Português
MARQUISE EMPREENDIMENTOS S/A;Hotel Gran Marquise;07.406.242/0001-29;DEMAIS;21/03/1984;Em Operação;Centro de Convenções;60165-121;CE;Fortaleza;Mucuripe;Beira Mar, nº 3980 ;;(85)4006-5000;hotel@granmarquise.com;hotel@granmarquise.com;www.granmarquise.com.br;16/05/2019 15:18:13;16/05/2021 15:18:13;07.406.242/0001-29;8230-0/01 - SERVIÇOS DE ORGANIZAÇÃO DE FEIRAS, CONGRESSOS, EXPOSIÇÕES E FESTAS;Sociedade Anônima Fechada;Pavilhão de Feiras, Centro de Eventos, Arena Multiuso e Espaço para Eventos;18844;18844; - 
M & G EVENTOS LTDA;STYLU'S EVENTOS;07.426.138/0001-04;MICROEMPRESA;28/04/2005;Em Operação;Centro de Convenções;49035-380;SE;Aracaju;Coroa do Meio;Heriberto Rezende Gois,1129; - ;(79)3255-4114;styluseventos@yahoo.com.br;styluseventos@yahoo.com.br;styluseventos.com;22/09/2018 12:02:24;22/09/2020 12:02:24;07.426.138/0001-04;8230-0/01 - SERVIÇOS DE ORGANIZAÇÃO DE FEIRAS, CONGRESSOS, EXPOSIÇÕES E FESTAS;Sociedade Empresária Limitada;Centro de Exposições;492;492; - 
CENTRO DE CONVENCOES VILLA VERDE AVARE. LTDA;Rede Villa Verde;07.772.899/0001-00;MICROEMPRESA;04/11/2005;Em Operação;Centro de Convenções;18705-804;SP;Avaré;Residencial Village;Mário Salles de Oliveira; - ;(14)3711-2663;financeiro@villaverdehotel.com.br;financeiro@villaverdehotel.com.br; - ;20/05/2019 16:41:39;20/05/2021 16:41:39;07.772.899/0001-00;8230-0/02 - CASAS DE FESTAS E EVENTOS;Sociedade Empresária Limitada;Centro de Convenções e Feiras;1700;1500; - 
PUBLICIDADE & SOM MEGA MIX LTDA;publicidade e som mega mix ltda;07.797.230/0001-72;DEMAIS;19/01/2006;Em Operação;Centro de Convenções;86975-000;PR;Mandaguari; - ;rua mario benedete;;(44)9963-0523;ESCRITORIOPROCONT@HOTMAIL.COM;sommegamix@oi.com.br; - ;26/04/2018 10:53:25;26/04/2020 10:53:25;07.797.230/0001-72;8230-0/02 - CASAS DE FESTAS E EVENTOS;Sociedade Empresária Limitada;Centro de Exposições;79;79;Português
FIESTA BAHIA HOTEL LTDA;FIESTA BAHIA HOTEL;07.823.239/0001-00;DEMAIS;06/02/2006;Em Operação;Centro de Convenções;41825-000;BA;Salvador;Itaigara;Antônio Carlos Magalhães; - ;(71)3352-1413;contabil@fiestahotel.com.br;DIRETORIA@FIESTAHOTEL.COM.BR;http://www.fiestahotel.com.br/pt-br/;17/05/2018 10:35:50;17/05/2020 10:35:50;07.823.239/0001-00;8230-0/02 - CASAS DE FESTAS E EVENTOS;Sociedade Empresária Limitada;Centro de Convenções e Feiras;7984;7984;Inglês|Espanhol|Francês
MARINA TOUR HOSPEDAGEM E TURISMO LTDA;MARINA TOUR;08.689.629/0001-00;MICROEMPRESA;01/03/2007;Em Operação;Centro de Convenções;70800-200;DF;Brasília;Asa Norte;SHTN Trecho 2;CONJUNTO 05 ANDAR TERREO SL 03;(61)3306-2054;arolita@gmail.com;arolita@gmail.com;http://baypark.com.br;04/04/2019 16:57:07;04/04/2021 16:57:07;08.689.629/0001-00;8230-0/01 - SERVIÇOS DE ORGANIZAÇÃO DE FEIRAS, CONGRESSOS, EXPOSIÇÕES E FESTAS;Sociedade Empresária Limitada;Centro de Convenções e Feiras;3848000;3848000;Inglês|Espanhol
WE4 SOLUCOES EM TREINAMENTO LTDA;BPro Treinamento;08.873.930/0001-61;MICROEMPRESA;05/06/2007;Em Operação;Centro de Convenções;91910-001;RS;Porto Alegre;Tristeza;Otto Niemeyer, 857;;(51)3242-1379;contato@bprotreinamento.com.br;marcelo@bprotreinamento.com.br;www.bprotreinamento.com.br;12/04/2018 15:35:06;12/04/2020 15:35:06;08.873.930/0001-61;8230-0/01 - SERVIÇOS DE ORGANIZAÇÃO DE FEIRAS, CONGRESSOS, EXPOSIÇÕES E FESTAS;Sociedade Empresária Limitada;Centro de Convenções e Feiras;550;550;Português|Inglês
PARAISO DO SUL EMPREENDIMENTOS EIRELI;PARAISO DO SUL;08.997.606/0001-55;MICROEMPRESA;10/08/2007;Em Operação;Centro de Convenções;83255-000;PR;Pontal do Paraná; - ;Rua Neptuno;48;(41)9969-1970;paraisodosuleventos@hotmail.com;paraisodosuleventos@hotmail.com; - ;17/07/2019 09:25:45;17/07/2021 09:25:45;08.997.606/0001-55;8230-0/02 - CASAS DE FESTAS E EVENTOS;Empresa Individual de Responsabilidade Limitada (de Natureza Empresária);Centro de Convenções e Feiras;1055;1055; - 
PENSA PROMOCOES E EVENTOS LTDA;PENSA PROMOCOES E EVENTOS;09.040.769/0001-08;EMPRESA DE PEQUENO PORTE;17/08/2007;Em Operação;Centro de Convenções;42701-380;BA;Lauro de Freitas;Pitangueiras;dos Maçons; - ;(71)3344-3682;PENSAEVENTOS@PENSAEVENTOS.COM.BR;PENSAEVENTO@PENSAEVENTOS.COM.BR;pensaeventos@pensaeventos.com.br;18/05/2018 14:33:25;18/05/2020 14:33:25;09.040.769/0001-08;8230-0/02 - CASAS DE FESTAS E EVENTOS;Sociedade Empresária Limitada;Centro de Convenções e Feiras;300;250;Português|Inglês|Espanhol
RIBEIRO E GUIMARAES EMPREENDIMENTOS LTDA;GRUPO GUARA;09.153.174/0001-69;EMPRESA DE PEQUENO PORTE;19/10/2007;Em Operação;Centro de Convenções;29210-190;ES;Guarapari;Itapebussu;Antônio Guimarães, 118;Quadra 40;(27)3262-5210;comercial@guaratur.com.br;comercial@guaratur.com.br;http://www.guarapousada.com.br;06/09/2018 10:37:46;06/09/2020 10:37:46;09.153.174/0001-69;8230-0/01 - SERVIÇOS DE ORGANIZAÇÃO DE FEIRAS, CONGRESSOS, EXPOSIÇÕES E FESTAS;Sociedade Empresária Limitada;Pavilhão de Feiras, Centro de Eventos, Arena Multiuso e Espaço para Eventos;900;30000;Português|Inglês|Espanhol
ADUERO EVENTOS EIRELI;ADUERO EVENTOS;09.199.135/0001-00;MICROEMPRESA;04/10/2007;Em Operação;Centro de Convenções;06900-000;SP;Embu-Guaçu; - ;rua joão antônio carlos 250;;(11)4661-2112;camila@aruana.com.br;camila@aruana.com.br;www.aruana.com.br;15/05/2019 11:03:19;15/05/2021 11:03:19;09.199.135/0001-00;8230-0/01 - SERVIÇOS DE ORGANIZAÇÃO DE FEIRAS, CONGRESSOS, EXPOSIÇÕES E FESTAS;Empresa Individual de Responsabilidade Limitada (de Natureza Empresária);Centro de Convenções e Feiras;7000;2000;Inglês|Espanhol
LAGO PARANOA TURISMO E HOSPEDAGENS LTDA;BAY PARK HOTEL RESORTE;10.329.930/0001-47;EMPRESA DE PEQUENO PORTE;04/09/2008;Em Operação;Centro de Convenções;70800-200;DF;Brasília;Asa Norte;SHTN TR 02 CONJUNTO 05; - ;(61)3962-0633;arolita@baypark.com.br;arolita@baypark.com.br;http://baypark.com.br/;04/04/2019 17:03:00;04/04/2021 17:03:00;10.329.930/0001-47;8230-0/01 - SERVIÇOS DE ORGANIZAÇÃO DE FEIRAS, CONGRESSOS, EXPOSIÇÕES E FESTAS;Sociedade Empresária Limitada;Centro de Convenções e Feiras;3848100;3848100;Inglês|Espanhol
R. S. DA SILVA BORGES;PIZZARIA LAZERAO;10.545.958/0001-11;EMPRESA DE PEQUENO PORTE;22/12/2008;Em Operação;Centro de Convenções;53635-170;PE;Igarassu;Cruz do Rebouças;Luciana Paiva de Souza;(Lot. Tapajós);(81)3543-3208;luizborgesdasilva@hotmail.com;luizborgesdasilva@hotmail.com; - ;06/12/2018 11:22:47;06/12/2020 11:22:47;10.545.958/0001-11;8230-0/02 - CASAS DE FESTAS E EVENTOS;Empresário (Individual);Pavilhão de Feiras, Centro de Eventos, Arena Multiuso e Espaço para Eventos;200;200; - 
NOVATTA EVENTOS E PROMOCOES LTDA;Novatta Eventos e Promoções Ltda;10.608.796/0001-13;MICROEMPRESA;30/01/2009;Em Operação;Centro de Convenções;88915-000;SC;Maracajá; - ;Rua. José Marques, nº 1075- Vila Beatriz;;(48)3523-1969;gilbelisrs@gmail.com;gilbelisrs@gmail.com; - ;28/05/2019 10:28:54;28/05/2021 10:28:54;10.608.796/0001-13;8230-0/02 - CASAS DE FESTAS E EVENTOS;Sociedade Empresária Limitada;Pavilhão de Feiras, Centro de Eventos, Arena Multiuso e Espaço para Eventos;400;300; - 
ART MIX COMERCIO E SERVICOS LTDA;ART MIX;10.935.676/0001-20;MICROEMPRESA;03/07/2009;Em Operação;Centro de Convenções;36860-000;MG;Patrocínio do Muriaé; - ;Rua Abilio Francisco de Paula, 01 ;;(32)8419-8681;MILANIROBSON@HOTMAIL.COM;MILANIROBSON@HOTMAIL.COM; - ;20/05/2019 11:15:37;20/05/2021 11:15:37;10.935.676/0001-20;8230-0/02 - CASAS DE FESTAS E EVENTOS;Sociedade Empresária Limitada;Centro de Convenções e Feiras;430;430; - 
CASAGRANDE RECEPCOES LTDA;BLUE ANGEL;10.963.320/0001-09;EMPRESA DE PEQUENO PORTE;30/09/1986;Em Operação;Centro de Convenções;50720-001;PE;Recife;Madalena;Benfica; - ;(81)3227-0723;blueangel@blueangel.pe;blueangel@blueangel.pe; - ;03/06/2019 14:38:18;03/06/2021 14:38:18;10.963.320/0001-09;8230-0/02 - CASAS DE FESTAS E EVENTOS;Sociedade Empresária Limitada;Pavilhão de Feiras, Centro de Eventos, Arena Multiuso e Espaço para Eventos;3500;2500; - 
D GRUPO EMPREENDIMENTOS E PARTICIPACOES LTDA;D BEACH RESORT;11.549.092/0001-80;DEMAIS;04/02/2010;Em Operação;Centro de Convenções;59090-840;RN;Natal;Ponta Negra;da Praia; - ;(84)3204-1313;financeiro@dbeachresort.com;financeiro@dbeachresort.com; - ;09/04/2019 10:25:17;09/04/2021 10:25:17;11.549.092/0001-80;8230-0/02 - CASAS DE FESTAS E EVENTOS;Sociedade Empresária Limitada;Centro de Convenções e Feiras;60;100;Inglês|Italiano|Espanhol
RODRIGO CAVALCANTE PINHEIRO;ENTER PRODUTORA;11.751.777/0001-04;MICROEMPRESA;25/03/2010;Em Operação;Centro de Convenções;19010-031;SP;Presidente Prudente;Centro;Brasil;- de 326/327 a 910/911;(18)3221-4314;camargo-diegof@hotmail.com;camargo-diegof@hotmail.com; - ;07/03/2018 10:57:32;07/03/2020 10:57:32;11.751.777/0001-04;8230-0/01 - SERVIÇOS DE ORGANIZAÇÃO DE FEIRAS, CONGRESSOS, EXPOSIÇÕES E FESTAS;Empresário (Individual);Centro de Convenções e Feiras;60;60; - 
ANJOS E SILVA LTDA;L'ACORDES HOTEL;11.862.905/0001-97;MICROEMPRESA;26/04/2010;Em Operação;Centro de Convenções;76811-738;RO;Porto Velho;Eldorado;da Beira;- de 7400 ao fim - lado par;(69)3212-3344;reservas@lacordeshotel.com.br;reservas@lacordeshotel.com.br;www.lacordeshotel.com.br;13/08/2019 12:52:05;13/08/2021 12:52:05;11.862.905/0001-97;8230-0/02 - CASAS DE FESTAS E EVENTOS;Sociedade Empresária Limitada;Centro de Convenções e Feiras;1000;350; - 
HAP SERVICOS, ESTRUTURAS E ENTRETENIMENTOS LTDA;HP SERVICOS, ESTRUTURAS E ENTRETENIMENTOS;12.291.823/0001-00;MICROEMPRESA;27/07/2010;Em Operação;Centro de Convenções;39705-000;MG;São João Evangelista; - ;Br 120, n. 1.188, B. Hamilton Ribeiro;Galpao;(33)3412-1295;BOMFIM@GHNET.COM.BR;BOMFIM@GHNET.COM.BR; - ;12/06/2018 08:02:58;12/06/2020 08:02:58;12.291.823/0001-00;8230-0/01 - SERVIÇOS DE ORGANIZAÇÃO DE FEIRAS, CONGRESSOS, EXPOSIÇÕES E FESTAS;Sociedade Empresária Limitada;Centro de Convenções e Feiras;0;0;Português
PLANET EMPREENDIMENTOS LTDA;CANELA BEACH;12.328.892/0001-33;MICROEMPRESA;03/08/2010;Em Implantação;Centro de Convenções;77001-002;TO;Palmas;Plano Diretor Norte;Ilha Canela Beach, Loteamento Canela;8c/2;(63)9998-4713;planet_emp@hotmail.com;planet_emp@hotmail.com; - ;08/08/2019 18:00:08;08/08/2021 18:00:08;12.328.892/0001-33;8230-0/02 - CASAS DE FESTAS E EVENTOS;Sociedade Empresária Limitada;Pavilhão de Feiras, Centro de Eventos, Arena Multiuso e Espaço para Eventos;1200;2000; - 
AGENCIA TERRUA LTDA;AGENCIA TERRUA;12.445.718/0001-70;DEMAIS;25/08/2010;Em Operação;Centro de Convenções;70702-906;DF;Brasília;Asa Norte;SHN Quadra 2;EXECUTIVE OFFICE TOWER;(61)3033-7154;moisesgomes@agenciaterrua.com.br;moisesgomes@agenciaterrua.com.br;www.agenciaterrua.com.br;08/08/2019 16:44:15;08/08/2021 16:44:15;12.445.718/0001-70;8230-0/01 - SERVIÇOS DE ORGANIZAÇÃO DE FEIRAS, CONGRESSOS, EXPOSIÇÕES E FESTAS;Sociedade Empresária Limitada;Centro de Convenções e Feiras;120;120;Inglês
HOTEL ITAPUA LTDA;HOTEL ITAPUA LTDA;12.751.938/0001-22;EMPRESA DE PEQUENO PORTE;26/10/2010;Em Operação;Centro de Convenções;37650-000;MG;Camanducaia; - ;Estrada de Monte Verde Km 27 S/N;Distrito de Monte Verde;(35)3438-1177;escritorio@itapua.tur.br;escritorio@itapua.tur.br;https://itapuamonteverde.com.br/;19/06/2019 16:02:19;19/06/2021 16:02:19;12.751.938/0001-22;8230-0/01 - SERVIÇOS DE ORGANIZAÇÃO DE FEIRAS, CONGRESSOS, EXPOSIÇÕES E FESTAS;Sociedade Empresária Limitada;Centro de Convenções e Feiras;82;82;Inglês|Espanhol
ALFAMAR SERVICOS E LOGISTICA LTDA;ALFAMAR;13.233.384/0001-34;DEMAIS;10/02/2011;Em Operação;Centro de Convenções;20090-003;RJ;Rio de Janeiro;Centro;Rio Branco;- até 45 - lado ímpar;(21)4118-0444;welington@alfamarbr.com;welington@alfamarapoiomaritimo.com.br; - ;16/10/2018 16:02:00;16/10/2020 16:02:00;13.233.384/0001-34;8230-0/01 - SERVIÇOS DE ORGANIZAÇÃO DE FEIRAS, CONGRESSOS, EXPOSIÇÕES E FESTAS;Sociedade Empresária Limitada;Pavilhão de Feiras, Centro de Eventos, Arena Multiuso e Espaço para Eventos;3700;3700; - 
DIEGO PEREIRA DE SOUSA EIRELI;POPULAR TREINAMENTOS;13.267.908/0001-08;MICROEMPRESA;17/02/2011;Em Operação;Centro de Convenções;76958-000;RO;Nova Brasilândia D'Oeste; - ;RUA MATO GROSSO;1480;(69)3641-2949;populartreinamentos@outlook.com;populartreinamentos@outlook.com; - ;20/03/2019 09:20:43;20/03/2021 09:20:43;13.267.908/0001-08;8230-0/01 - SERVIÇOS DE ORGANIZAÇÃO DE FEIRAS, CONGRESSOS, EXPOSIÇÕES E FESTAS;Empresa Individual de Responsabilidade Limitada (de Natureza Empresária);Pavilhão de Feiras, Centro de Eventos, Arena Multiuso e Espaço para Eventos;200;200;Português
CREUDIONICE JOSE DA SILVA BERALDO 00311852157;CRISTAIS FESTAS EVENTOS E BUFFET;13.288.103/0001-40;MICROEMPRESA;22/02/2011;Em Operação;Centro de Convenções;76280-000;GO;Britânia; - ;PERIMETRAL CENTRO;;(62)8498-5319;POSITIVO690@GMAIL.COM;POSITIVO690@GMAIL.COM; - ;21/09/2018 08:15:34;21/09/2020 08:15:34;13.288.103/0001-40;8230-0/01 - SERVIÇOS DE ORGANIZAÇÃO DE FEIRAS, CONGRESSOS, EXPOSIÇÕES E FESTAS;Empresário (Individual);Pavilhão de Feiras, Centro de Eventos, Arena Multiuso e Espaço para Eventos;150;150; - 
CANELA BEACH RESTAURANTE E TRANSPORTE NAUTICO EIRELI;ILHA CANELA BEACH;13.612.074/0001-20;MICROEMPRESA;06/05/2011;Em Implantação;Centro de Convenções;77001-002;TO;Palmas;Plano Diretor Norte;Loteamento Canela;s/n.;(63)9998-4713;ILHACANELA@HOTMAIL.COM;ILHACANELA@HOTMAIL.COM; - ;14/08/2019 15:15:59;14/08/2021 15:15:59;13.612.074/0001-20;8230-0/02 - CASAS DE FESTAS E EVENTOS;Empresa Individual de Responsabilidade Limitada (de Natureza Empresária);Pavilhão de Feiras, Centro de Eventos, Arena Multiuso e Espaço para Eventos;1200;1000; - 
MASTER PRODUCOES E EVENTOS LTDA;MASTER PRODUÇÕES E EVENTOS;13.953.323/0001-41;DEMAIS;11/07/2011;Em Operação;Centro de Convenções;59633-330;RN;Mossoró;Alto de São Manoel;Benício Gago; - ;(84)3312-4565;klintia@masterfestas.com;klintia@masterfestas.com;www.masterfestas.com;31/12/2018 09:11:06;31/12/2020 09:11:06;13.953.323/0001-41;8230-0/01 - SERVIÇOS DE ORGANIZAÇÃO DE FEIRAS, CONGRESSOS, EXPOSIÇÕES E FESTAS;Sociedade Empresária Limitada;Centro de Convenções e Feiras;100;100; - 
SIMPLES MARKETING PROMOCOES E EVENTOS LTDA;SIMPLES Eventos;14.029.553/0001-81;DEMAIS;06/06/2011;Em Operação;Centro de Convenções;83535-000;PR;Campo Magro; - ;Rua Úrsula Ercole Cumin, 3245;;(41)9990-9200;contato@simpleseventos.com;simone@simpleseventos.com;www.simpleseventos.com;17/10/2018 16:33:18;17/10/2020 16:33:18;14.029.553/0001-81;8230-0/01 - SERVIÇOS DE ORGANIZAÇÃO DE FEIRAS, CONGRESSOS, EXPOSIÇÕES E FESTAS;Sociedade Empresária Limitada;Pavilhão de Feiras, Centro de Eventos, Arena Multiuso e Espaço para Eventos;200;200; - 
AMAZONIA RIO EMPREENDIMENTOS LTDA;RESORT HOTEL;14.295.166/0001-97;MICROEMPRESA;26/01/1987;Em Operação;Centro de Convenções;69912-443;AC;Rio Branco;Floresta Sul;da Floresta; - ;(68)9928-8741;eventos@resorthotel.com.br;eventos@resorthotel.com.br;www.atlanticahotels.com.br;20/03/2019 12:38:33;20/03/2021 12:38:33;14.295.166/0001-97;8230-0/02 - CASAS DE FESTAS E EVENTOS;Sociedade Empresária Limitada;Pavilhão de Feiras, Centro de Eventos, Arena Multiuso e Espaço para Eventos;1200;500;Espanhol|Inglês
HOTEL E RESTAURANTE CASTELO LTDA;HOTEL CASTELO;14.461.053/0001-14;MICROEMPRESA;11/10/2011;Em Operação;Centro de Convenções;68383-000;PA;Vitória do Xingu; - ;RODOVIA TRANSAMAZONICA, KM 18 S/N;Zona Rural;(93)9911-6773;hotelcastelopara@gmail.com;hotelcastelopara@gmail.com; - ;11/09/2019 16:53:58;11/09/2021 16:53:58;14.461.053/0001-14;8230-0/02 - CASAS DE FESTAS E EVENTOS;Sociedade Empresária Limitada;Pavilhão de Feiras, Centro de Eventos, Arena Multiuso e Espaço para Eventos;4;2000;Espanhol|Italiano|Inglês
STAFF LUXE EIRELI;STAFF LUXE;14.567.282/0001-18;EMPRESA DE PEQUENO PORTE;10/10/2011;Em Operação;Centro de Convenções;13423-100;SP;Piracicaba;Jardim Nova Iguaçu;Dois Córregos;- de 3162/3163 ao fim;(19)3035-1932;licitacao@staffluxe.com.br;licitacao@staffluxe.com.br; - ;18/10/2018 14:00:06;18/10/2020 14:00:06;14.567.282/0001-18;8230-0/01 - SERVIÇOS DE ORGANIZAÇÃO DE FEIRAS, CONGRESSOS, EXPOSIÇÕES E FESTAS;Empresa Individual de Responsabilidade Limitada (de Natureza Empresária);Centro de Convenções e Feiras;331;331; - 
SPLENDORE EVENTOS E CONVENCOES LTDA.;SPLENDORE;15.536.433/0001-33;MICROEMPRESA;16/05/2012;Em Operação;Centro de Convenções;35702-235;MG;Sete Lagoas;Planalto;Professor Abeylard, 4.190;;(31)3771-0507;splendorecontato@gmail.com;splendorecontato@gmail.com;www.splendoreeventos.com.br;29/08/2018 11:34:03;29/08/2020 11:34:03;15.536.433/0001-33;8230-0/02 - CASAS DE FESTAS E EVENTOS;Sociedade Empresária Limitada;Centro de Convenções e Feiras;1500;1000; - 
CUNHA QUEIROZ POUSADA E RESTAURANTE LTDA;POUSADA PORTO DAS ONDAS;15.622.221/0001-79;MICROEMPRESA;30/05/2012;Em Operação;Centro de Convenções;42828-536;BA;Camaçari;Jauá (Abrantes);Estrada Velha;nº 222;(71)9810-0531;narcelio.queiroz@gmail.com;narcelio.queiroz@gmail.com;http://www.pousadaportodasondas.com.br;20/08/2019 09:52:21;20/08/2021 09:52:21;15.622.221/0001-79;8230-0/01 - SERVIÇOS DE ORGANIZAÇÃO DE FEIRAS, CONGRESSOS, EXPOSIÇÕES E FESTAS;Sociedade Empresária Limitada;Pavilhão de Feiras, Centro de Eventos, Arena Multiuso e Espaço para Eventos;400;107; - 
SIMOES PROVEDOR DE SERVICOS LINGUISTICOS LTDA;SIMOES TRADUCAO, INTERPRETACAO & IDIOMAS;16.542.681/0001-50;MICROEMPRESA;20/07/2012;Em Operação;Centro de Convenções;25565-172;RJ;São João de Meriti;Jardim José Bonifácio;Avenida Automóvel Clube, 2308;1º andar;(21)3185-8723;info@simoes.trd.br;info@simoes.trd.br;http://www.simoes.trd.br;24/04/2019 11:21:05;24/04/2021 11:21:05;16.542.681/0001-50;8230-0/01 - SERVIÇOS DE ORGANIZAÇÃO DE FEIRAS, CONGRESSOS, EXPOSIÇÕES E FESTAS;Sociedade Empresária Limitada;Centro de Exposições;80;12;Inglês|Espanhol
MONTE CASTELO PROMOCOES E EVENTOS LTDA;MONTE CASTELO;16.586.258/0001-51;EMPRESA DE PEQUENO PORTE;18/07/2012;Em Operação;Centro de Convenções;09330-140;SP;Mauá;Jardim Itapeva;Herculano Milanezi; - ;(11)3538-0070;rh@montecasteloeventos.com.br;rh@montecasteloeventos.com.br;https://www.montecasteloeventos.com.br/;02/08/2019 10:56:15;02/08/2021 10:56:15;16.586.258/0001-51;8230-0/02 - CASAS DE FESTAS E EVENTOS;Sociedade Empresária Limitada;Pavilhão de Feiras, Centro de Eventos, Arena Multiuso e Espaço para Eventos;5950;5950;Inglês
ARENA VIEW EMPREENDIMENTOS TURISTICOS LTDA;ARENA VIEW EMPREENDIMENTOS TURISTICOS LTDA;17.298.641/0001-77;DEMAIS;07/11/2012;Em Operação;Centro de Convenções;59075-000;RN;Natal;Lagoa Nova;Senador Salgado Filho; - ;(84)3344-7333;juridico2@praiamarnatal.com.br;juridico2@praiamarnatal.com.br; - ;17/05/2019 10:26:54;17/05/2021 10:26:54;17.298.641/0001-77;8230-0/02 - CASAS DE FESTAS E EVENTOS;Sociedade Empresária Limitada;Pavilhão de Feiras, Centro de Eventos, Arena Multiuso e Espaço para Eventos;18803;24120;Espanhol|Inglês
MARIA SONHOU DECORACOES E LOCACOES LTDA;MARIA SONHOU;17.491.304/0001-00;MICROEMPRESA;29/01/2013;Em Implantação;Centro de Convenções;30775-080;MG;Belo Horizonte;Alto Caiçaras;Praia Formosa; - ;(31)2510-7055;financeiro@mariasonhou.com.br;contato@monarcacasarao.com.br;monarcacasarao.com;04/06/2019 11:17:57;04/06/2021 11:17:57;17.491.304/0001-00;8230-0/01 - SERVIÇOS DE ORGANIZAÇÃO DE FEIRAS, CONGRESSOS, EXPOSIÇÕES E FESTAS;Sociedade Empresária Limitada;Pavilhão de Feiras, Centro de Eventos, Arena Multiuso e Espaço para Eventos;2000;600; - 
CICB - CENTRO INTERNACIONAL DE CONVENCOES DO BRASIL S/A;CICB;17.791.395/0001-90;DEMAIS;07/03/2013;Em Operação;Centro de Convenções;70200-002;DF;Brasília;Asa Sul;SCES Trecho 2; - ;(61)2196-9000;fernanda@cicb.com.br;fernanda@cicb.com.br; - ;16/02/2018 15:25:06;16/02/2020 15:25:06;17.791.395/0001-90;8230-0/01 - SERVIÇOS DE ORGANIZAÇÃO DE FEIRAS, CONGRESSOS, EXPOSIÇÕES E FESTAS;Sociedade Anônima Fechada;Pavilhão de Feiras, Centro de Eventos, Arena Multiuso e Espaço para Eventos;64826;64826;Inglês|Espanhol
ALVO TUR LTDA;ALVO TUR;18.236.089/0001-55;MICROEMPRESA;04/06/2013;Em Operação;Centro de Convenções;95670-000;RS;Gramado; - ;João Petry;N° 274;(54)9963-7575;contato@alvo.tur.br;contato@alvo.tur.br;www.alvo.tur.br;09/04/2019 13:49:08;09/04/2021 13:49:08;18.236.089/0001-55;8230-0/01 - SERVIÇOS DE ORGANIZAÇÃO DE FEIRAS, CONGRESSOS, EXPOSIÇÕES E FESTAS;Sociedade Empresária Limitada;Centro de Convenções e Feiras;3;12;Português
CHACARA MANGALA EKOS LTDA;CHACARA MANGALA EKOS LTDA;18.367.476/0001-20;MICROEMPRESA;27/05/2013;Em Operação;Centro de Convenções;83535-000;PR;Campo Magro; - ;Antonio Homann;425A;(41)3285-7117;erostozetto@campomagro.pr.gov.br;eventos@chacara.com.br;www.chacaramangala.com.br;21/09/2018 10:50:57;21/09/2020 10:50:57;18.367.476/0001-20;8230-0/01 - SERVIÇOS DE ORGANIZAÇÃO DE FEIRAS, CONGRESSOS, EXPOSIÇÕES E FESTAS;Sociedade Empresária Limitada;Centro de Convenções e Feiras;500;500;Português
WAVAVU POUSADA EIRELI;ESPELHO DAS ÁGUAS;18.563.771/0001-52;MICROEMPRESA;26/07/2013;Em Operação;Centro de Convenções;28950-000;RJ;Armação dos Búzios; - ;AVENIDA GERIBA 403;;(22)2623-6683;NOVOSISTEMABZ@UOL.COM.BR;NOVOSISTEMABZ@UOL.COM.BR; - ;27/11/2018 15:29:49;27/11/2020 15:29:49;18.563.771/0001-52;8230-0/02 - CASAS DE FESTAS E EVENTOS;Empresa Individual de Responsabilidade Limitada (de Natureza Empresária);Pavilhão de Feiras, Centro de Eventos, Arena Multiuso e Espaço para Eventos;450;1000;Inglês|Português|Espanhol|Francês
SPE GL EVENTS CENTRO DE CONVENCOES IMIGRANTES S.A.;SPE GL EVENTS CENTRO DE CONVENÇÕES IMIG;18.942.023/0001-80;DEMAIS;24/09/2013;Em Operação;Centro de Convenções;04329-900;SP;São Paulo;Água Funda;Rodovia dos Imigrantes;km 1,5;(11)5067-1717;ingrid.augusto@glbr.com.br;adriana.ferraz@fagga.com.br;www.saopauloexpo.com.br;15/05/2018 14:06:49;15/05/2020 14:06:49;18.942.023/0001-80;8230-0/02 - CASAS DE FESTAS E EVENTOS;Sociedade Anônima Fechada;Centro de Convenções e Feiras;169632;100000;Inglês|Francês|Português
SN. SONG - EIRELI;TROPICAL EXECUTIVE HOTEL;19.002.210/0001-47;DEMAIS;03/10/2013;Em Operação;Centro de Convenções;69037-000;AM;Manaus;Ponta Negra;Coronel Teixeira; - ;(92)3306-4500;vendas.tropicalexecutive@gmail.com;vendas.tropicalexecutive@gmail.com;tropicalexecutive.com.br;01/08/2019 15:18:13;01/08/2021 15:18:13;19.002.210/0001-47;8230-0/01 - SERVIÇOS DE ORGANIZAÇÃO DE FEIRAS, CONGRESSOS, EXPOSIÇÕES E FESTAS;Empresa Individual de Responsabilidade Limitada (de Natureza Empresária);Pavilhão de Feiras, Centro de Eventos, Arena Multiuso e Espaço para Eventos;1500;1000; - 
MARILENE SOUSA DA SILVA RODRIGUES;MSR PRODUCOES EVENTOS;19.150.675/0001-45;MICROEMPRESA;28/10/2013;Em Operação;Centro de Convenções;71698-500;DF;Brasília;Jardins Mangueiral (São Sebastião);Jardins Mangueiral; - ;(61)9928-5205;contato@msrproducaoeventos.com.br;contato@msrproducaoeventos.com.br; - ;11/04/2019 16:58:59;11/04/2021 16:58:59;19.150.675/0001-45;8230-0/01 - SERVIÇOS DE ORGANIZAÇÃO DE FEIRAS, CONGRESSOS, EXPOSIÇÕES E FESTAS;Empresário (Individual);Pavilhão de Feiras, Centro de Eventos, Arena Multiuso e Espaço para Eventos;2000;1000;Espanhol
PILAR ORGANIZACOES E FESTAS LTDA;PILAR ORGANIZAÇÕES;20.489.773/0001-90;EMPRESA DE PEQUENO PORTE;24/06/2014;Em Operação;Centro de Convenções;08620-000;SP;Suzano;Ipelândia;Índio Tibiriçá;- de 6001/6002 a 11899/11900;(11)4743-9687;COMERCIAL@RSOARESCONTABIL.COM.BR;COMERCIAL@RSOARESCONTABIL.COM.BR; - ;14/11/2018 11:12:29;14/11/2020 11:12:29;20.489.773/0001-90;8230-0/01 - SERVIÇOS DE ORGANIZAÇÃO DE FEIRAS, CONGRESSOS, EXPOSIÇÕES E FESTAS;Sociedade Empresária Limitada;Centro de Convenções e Feiras;200;150; - 
W. L. DOS ANJOS EIRELI;MEGA MIX CARAJAS IMPORTADOS;20.603.852/0001-80;MICROEMPRESA;09/07/2014;Em Operação;Centro de Convenções;68515-000;PA;Parauapebas; - ;Rua: Bartolomeu n° 400;;(94)9188-0802;WEVERTON_LEAL@HOTMAIL.COM;WEVERTON_LEAL@HOTMAIL.COM; - ;07/11/2018 11:08:46;07/11/2020 11:08:46;20.603.852/0001-80;8230-0/01 - SERVIÇOS DE ORGANIZAÇÃO DE FEIRAS, CONGRESSOS, EXPOSIÇÕES E FESTAS;Empresa Individual de Responsabilidade Limitada (de Natureza Empresária);Centro de Exposições;300;2000; - 
ESPACO SUPERLAR EVENTOS LTDA;ESPACO SUPERLAR;20.767.779/0001-82;MICROEMPRESA;04/08/2014;Em Operação;Centro de Convenções;45970-000;BA;Itanhém; - ;Av. Simplício Binas, 108;Térreo;(73)9882-5813;ranyerecasanova@hotmail.com;superlaritanhem@hotmail.com; - ;25/04/2019 11:46:17;25/04/2021 11:46:17;20.767.779/0001-82;8230-0/02 - CASAS DE FESTAS E EVENTOS;Sociedade Empresária Limitada;Centro de Convenções e Feiras;1390;600; - 
BRASIL HOSPEDAGENS E TURISMO EIRELI;BAY PARK HOTEL;21.269.011/0001-41;EMPRESA DE PEQUENO PORTE;29/09/2014;Em Operação;Centro de Convenções;70800-220;DF;Brasília;Asa Norte;SHTN Trecho 2;CJ 05 SL 04;(61)3037-3000;sebastiaorle@gmail.com;sebastiaorle@gmail.com;http://baypark.com.br;04/04/2019 16:40:39;04/04/2021 16:40:39;21.269.011/0001-41;8230-0/01 - SERVIÇOS DE ORGANIZAÇÃO DE FEIRAS, CONGRESSOS, EXPOSIÇÕES E FESTAS;Empresa Individual de Responsabilidade Limitada (de Natureza Empresária);Centro de Convenções e Feiras;3848100;3848100;Inglês|Espanhol
DF HOSPEDAGENS E TURISMO EIRELI;AIRAM BRASILIA HOTEL;21.269.028/0001-07;EMPRESA DE PEQUENO PORTE;24/09/2014;Em Operação;Centro de Convenções;70705-010;DF;Brasília;Asa Norte;SHN Quadra 5 Bloco A; - ;(61)3965-8757;mariacleiderle@gmail.com;mariacleiderle@gmail.com;http://www.airamhotel.com.br;04/04/2019 16:36:20;04/04/2021 16:36:20;21.269.028/0001-07;8230-0/01 - SERVIÇOS DE ORGANIZAÇÃO DE FEIRAS, CONGRESSOS, EXPOSIÇÕES E FESTAS;Empresa Individual de Responsabilidade Limitada (de Natureza Empresária);Centro de Convenções e Feiras;194340;190000;Inglês|Espanhol
SUPERACAO EVENTOS E TURISMO EIRELI;SUPERACAO EVENTOS E TURISMO;22.289.624/0001-03;EMPRESA DE PEQUENO PORTE;17/04/2015;Em Operação;Centro de Convenções;59178-000;RN;Tibau do Sul; - ;Est Pipa Sibauma km 02;Cond. Quinta do Rio ;(84)9995-6164;superacaoeventos@superacaoeventos.com.br;erivaldo.c.vale@gmail.com;www.superacaoeventos.com.br;17/12/2018 10:40:47;17/12/2020 10:40:47;22.289.624/0001-03;8230-0/01 - SERVIÇOS DE ORGANIZAÇÃO DE FEIRAS, CONGRESSOS, EXPOSIÇÕES E FESTAS;Empresa Individual de Responsabilidade Limitada (de Natureza Empresária);Centro de Convenções e Feiras;3000;1800;Inglês|Espanhol
EFP ADMINISTRADORA DE BENS LTDA;HOTEL FAZENDA CERRO AZUL;23.057.286/0001-47;DEMAIS;13/08/2015;Em Implantação;Centro de Convenções;88548-000;SC;Capão Alto; - ;ESTRADA GERAL DA VIGIA;KM 5,5;(47)3340-1308;contato@sforzaconstrutora.com.br;contato@sforzaconstrutora.com.br; - ;15/03/2019 09:50:23;15/03/2021 09:50:23;23.057.286/0001-47;8230-0/01 - SERVIÇOS DE ORGANIZAÇÃO DE FEIRAS, CONGRESSOS, EXPOSIÇÕES E FESTAS;Sociedade Empresária Limitada;Centro de Convenções e Feiras;5629;151;Inglês|Espanhol
LUCIA M DE RESENDE BARBOSA;SANTISSIMO CENTRO DE CONVENCOES;23.143.031/0001-05;MICROEMPRESA;25/08/2015;Em Operação;Centro de Convenções;36325-000;MG;Tiradentes; - ;RUA DOS INCONFIDENTES, 140 FUNDOS;;(32)3351-2193;CONTABILIDADE@POUSADAMAEDAGUA.COM.BR;CONTABILIDADE@POUSADAMAEDAGUA.COM.BR; - ;12/07/2019 14:48:36;12/07/2021 14:48:36;23.143.031/0001-05;8230-0/01 - SERVIÇOS DE ORGANIZAÇÃO DE FEIRAS, CONGRESSOS, EXPOSIÇÕES E FESTAS;Empresário (Individual);Pavilhão de Feiras, Centro de Eventos, Arena Multiuso e Espaço para Eventos;1806;1282; - 
MSTUR OPERACOES TURISTICAS LTDA;MOSSORO TUR - RECEPTIVO;23.329.818/0001-58;MICROEMPRESA;23/09/2015;Em Operação;Centro de Convenções;59607-070;CE;Fortaleza;Aeroporto;Centenária; - ;(84)8134-1096;FERNANDEZARIETA@HOTMAIL.COM;FERNANDEZARIETA@HOTMAIL.COM; - ;17/12/2018 11:44:46;17/12/2020 11:44:46;23.329.818/0001-58;8230-0/01 - SERVIÇOS DE ORGANIZAÇÃO DE FEIRAS, CONGRESSOS, EXPOSIÇÕES E FESTAS;Sociedade Empresária Limitada;Centro de Exposições;200;100; - 
A A ORSI RESTAURANTE;BAMBINI BUFFET E EVENTOS;23.637.376/0001-07;MICROEMPRESA;10/11/2015;Em Operação;Centro de Convenções;88270-000;SC;Nova Trento; - ;Rua Nossa Senhora do Bom Socorro;;(48)3267-0623;contato@festasbambini.com.br;contato@festasbambini.com.br;www.museufestas.com.br;10/09/2018 13:10:07;10/09/2020 13:10:07;23.637.376/0001-07;8230-0/01 - SERVIÇOS DE ORGANIZAÇÃO DE FEIRAS, CONGRESSOS, EXPOSIÇÕES E FESTAS;Empresário (Individual);Centro de Convenções e Feiras;500;300; - 
VERSATUS NUCLEO DE PROJETOS EIRELI;VERSATUS NUCLEO DE PROJETOS;24.350.774/0001-00;MICROEMPRESA;10/03/2016;Em Operação;Centro de Convenções;37680-000;MG;Gonçalves; - ;Estrada Gonçalves - Pedra do Forno;KM 7;(35)3654-1215;ELISAFSC@HOTMAIL.COM;ELISAFSC@HOTMAIL.COM; - ;30/01/2019 12:17:29;30/01/2021 12:17:29;24.350.774/0001-00;8230-0/01 - SERVIÇOS DE ORGANIZAÇÃO DE FEIRAS, CONGRESSOS, EXPOSIÇÕES E FESTAS;Empresa Individual de Responsabilidade Limitada (de Natureza Empresária);Pavilhão de Feiras, Centro de Eventos, Arena Multiuso e Espaço para Eventos;370;180;Inglês
PRAIAMAR EMPREENDIMENTOS TURISTICOS LTDA;PRAIAMAR NATAL HOTEL & CONVENTION;24.367.732/0001-82;DEMAIS;22/06/1989;Em Operação;Centro de Convenções;59090-050;RN;Natal;Ponta Negra;Francisco Gurgel, 33; - ;(84)3219-2230;JURIDICO2@PRAIAMARNATAL.COM.BR;JURIDICO2@PRAIAMARNATAL.COM.BR;WWW.PRAIAMARNATAL.COM.BR;09/10/2018 11:26:34;09/10/2020 11:26:34;24.367.732/0001-82;8230-0/02 - CASAS DE FESTAS E EVENTOS;Sociedade Empresária Limitada;Centro de Convenções e Feiras;13089;4000;Espanhol|Francês|Inglês
PRAIAMAR EMPREENDIMENTOS TURISTICOS LTDA;PRAIAMAR EXPRESS;24.367.732/0002-63;DEMAIS;15/05/2006;Em Operação;Centro de Convenções;59090-000;RN;Natal;Ponta Negra;Engenheiro Roberto Freire; - ;(84)3311-0000;juridico2@praiamarnatal.com.br;juridico2@praiamarnatal.com.br;www.praiamarexpress.com.br;11/10/2018 12:00:32;11/10/2020 12:00:32;24.367.732/0002-63;8230-0/02 - CASAS DE FESTAS E EVENTOS;Sociedade Empresária Limitada;Centro de Convenções e Feiras;8336;160;Espanhol|Inglês
LC PROMOCOES E EVENTOS LTDA;CELEBRAR PROMOCOES E EVENTOS;24.518.696/0001-00;MICROEMPRESA;04/04/2016;Em Operação;Centro de Convenções;30421-314;MG;Belo Horizonte;Nova Suíssa;Corcovado;- até 199/200;(31)3373-1551;ligia.arimathea@hotmail.com;celebrarbh@hotmail.com; - ;28/02/2019 16:54:04;28/02/2021 16:54:04;24.518.696/0001-00;8230-0/01 - SERVIÇOS DE ORGANIZAÇÃO DE FEIRAS, CONGRESSOS, EXPOSIÇÕES E FESTAS;Sociedade Empresária Limitada;Centro de Convenções e Feiras;1000;100; - 
MLP COMERCIO DE BEBIDAS LTDA;Casa Gazzaro;24.531.823/0001-01;MICROEMPRESA;04/04/2016;Em Operação;Centro de Convenções;95272-000;RS;Otávio Rocha; - ;Avenida Uva Italia;sala 01;(54)3292-4455;JAQUE.ISO@gmail.com;JAQUE.ISO@gmail.com;www.gazzaro.com.br;03/06/2019 10:46:24;03/06/2021 10:46:24;24.531.823/0001-01;8230-0/01 - SERVIÇOS DE ORGANIZAÇÃO DE FEIRAS, CONGRESSOS, EXPOSIÇÕES E FESTAS;Sociedade Empresária Limitada;Pavilhão de Feiras, Centro de Eventos, Arena Multiuso e Espaço para Eventos;139;255;Português
MARS PRODUCOES, EVENTOS, PROPAGANDA E MARKETING LTDA;Mars Produções;24.640.199/0001-80;MICROEMPRESA;18/04/2016;Em Operação;Centro de Convenções;25085-050;RJ;Duque de Caxias;Parque Duque;Floriano de Godói; - ;(21)9645-3765;marsmarketingeeventos@gmail.com;marsmarketingeeventos@gmail.com; - ;17/09/2018 11:23:55;17/09/2020 11:23:55;24.640.199/0001-80;8230-0/01 - SERVIÇOS DE ORGANIZAÇÃO DE FEIRAS, CONGRESSOS, EXPOSIÇÕES E FESTAS;Sociedade Empresária Limitada;Pavilhão de Feiras, Centro de Eventos, Arena Multiuso e Espaço para Eventos;600;600; - 
JOAO VITOR SARTORI MAROTTO EIRELI;TERRA VIVA SOLUCOES AGROECOLOGICAS;27.081.352/0001-75;MICROEMPRESA;10/02/2017;Em Operação;Centro de Convenções;29280-000;ES;Iconha; - ;Av. Dr. Danilo Monteiro de Castro;Loja Terra Viva;(28)3537-3491;TERRAVIVA.SA@GMAIL.COM;TERRAVIVA.SA@GMAIL.COM;https://www.terravivasa.com.br;24/04/2019 14:19:10;24/04/2021 14:19:10;27.081.352/0001-75;8230-0/01 - SERVIÇOS DE ORGANIZAÇÃO DE FEIRAS, CONGRESSOS, EXPOSIÇÕES E FESTAS;Empresa Individual de Responsabilidade Limitada (de Natureza Empresária);Centro de Convenções e Feiras;200;0; - 
TRIALVO VIAGENS E EVENTOS EIRELI;RIPSE 7 VIAGENS E EVENTOS;27.133.300/0001-03;MICROEMPRESA;15/02/2017;Em Operação;Centro de Convenções;88049-443;SP;São Paulo;Tapera da Base;Claudio José Lopes;ap7;(48)9983-8363;ripse7viagens.eventos@gmail.com;ripse7viagens.eventos@gmail.com; - ;20/05/2019 16:42:45;20/05/2021 16:42:45;27.133.300/0001-03;8230-0/01 - SERVIÇOS DE ORGANIZAÇÃO DE FEIRAS, CONGRESSOS, EXPOSIÇÕES E FESTAS;Empresa Individual de Responsabilidade Limitada (de Natureza Empresária);Pavilhão de Feiras, Centro de Eventos, Arena Multiuso e Espaço para Eventos;0;0;Inglês|Espanhol
PLAZA SHOPPING HOTEL LTDA;Center Convention Uberlândia;27.295.298/0001-60;DEMAIS;14/03/2017;Em Operação;Centro de Convenções;38408-902;MG;Uberlândia;Santa Mônica;João Naves de Ávila, 1331;Piso C;(34)3239-8007;LEANDRO@EPSEMPREENDIMENTOS.COM.BR;LEANDRO@EPSEMPREENDIMENTOS.COM.BR;www.centerconvention.com.br;28/03/2018 11:47:49;28/03/2020 11:47:49;27.295.298/0001-60;8230-0/02 - CASAS DE FESTAS E EVENTOS;Sociedade Empresária Limitada;Centro de Convenções e Feiras;26655;15392; - 
ECO LOCANDA TIROLESE LTDA;ECO LOCANDA TIROLESE;27.355.410/0001-01;MICROEMPRESA;21/03/2017;Em Operação;Centro de Convenções;89120-000;SC;Timbó; - ;R Bom Jesus;TBO 422, CASA;(47)3380-1082;DOSTI@TPA.COM.BR;DOSTI@TPA.COM.BR;www.ecolocandatirolese.com.br;08/08/2018 13:17:15;08/08/2020 13:17:15;27.355.410/0001-01;8230-0/02 - CASAS DE FESTAS E EVENTOS;Sociedade Empresária Limitada;Centro de Convenções e Feiras;70;70;Inglês
S. B. SONORIZACAO, ILUMINACAO E EVENTOS LTDA;S. B. SOM;27.417.995/0001-47;MICROEMPRESA;29/03/2017;Em Operação;Centro de Convenções;37170-000;MG;Boa Esperança; - ;av:joão julio de faria;santa rita;(35)8884-7668;DIOVANIFIGUEIREDO@OUTLOOK.COM;DIOVANIFIGUEIREDO@OUTLOOK.COM; - ;28/05/2019 16:28:52;28/05/2021 16:28:52;27.417.995/0001-47;8230-0/01 - SERVIÇOS DE ORGANIZAÇÃO DE FEIRAS, CONGRESSOS, EXPOSIÇÕES E FESTAS;Sociedade Simples Limitada;Centro de Convenções e Feiras;1000;1000;Português
ELMO TRIBESS 72682108920;CHOPERIA E LANCHONETE TRIBESS;27.649.356/0001-07;MICROEMPRESA;03/05/2017;Em Operação;Centro de Convenções;89107-000;SC;Pomerode; - ;Hermann Weege, 2720;;(47)3387-1195;choperiatribess@gmail.com;choperiatribess@gmail.com; - ;23/05/2019 08:15:04;23/05/2021 08:15:04;27.649.356/0001-07;8230-0/01 - SERVIÇOS DE ORGANIZAÇÃO DE FEIRAS, CONGRESSOS, EXPOSIÇÕES E FESTAS;Empresário (Individual);Centro de Exposições;200;200;Português|Alemão
GUILHERME AUGUSTO OLIANI;MASSARANDUBA HOTEL FAZENDA E RESTAURANTE;28.027.346/0001-00;MICROEMPRESA;23/06/2017;Em Operação;Centro de Convenções;89108-000;SC;Massaranduba; - ;Estrada Rio Bonito, 222;;(47)3368-2467;gerenciamassaranduba@gmail.com;gerenciamassaranduba@gmail.com; - ;30/05/2019 14:32:51;30/05/2021 14:32:51;28.027.346/0001-00;8230-0/01 - SERVIÇOS DE ORGANIZAÇÃO DE FEIRAS, CONGRESSOS, EXPOSIÇÕES E FESTAS;Empresário (Individual);Pavilhão de Feiras, Centro de Eventos, Arena Multiuso e Espaço para Eventos;48;48; - 
WFC-GOIAS SERVICOS E PRESTACOES EIRELI;WFC-GOIAS SERVICOS E PRESTACOES;28.352.922/0001-87;MICROEMPRESA;07/08/2017;Em Operação;Centro de Convenções;75113-160;GO;Anápolis;Jundiaí;Joaquim Propício de Pina;Nr.28;(62)9854-8267;wfcgoservicos@gmail.com;wfcgoservicos@gmail.com; - ;26/08/2019 09:01:52;26/08/2021 09:01:52;28.352.922/0001-87;8230-0/01 - SERVIÇOS DE ORGANIZAÇÃO DE FEIRAS, CONGRESSOS, EXPOSIÇÕES E FESTAS;Empresa Individual de Responsabilidade Limitada (de Natureza Empresária);Centro de Convenções e Feiras;200;50; - 
ADELAIDE DE BRITO CHAGAS 04218650675;ADELAIDE CHAGAS DECORACAO E EVENTOS;28.907.508/0001-97;MICROEMPRESA;20/10/2017;Em Operação;Centro de Convenções;37170-000;MG;Boa Esperança; - ;Avenida Getulio  vargas ;centro;(35)9178-0170;adelaidebchagas@hotmail.com;adelaidebchagas@hotmail.com; - ;30/04/2019 14:01:26;30/04/2021 14:01:26;28.907.508/0001-97;8230-0/01 - SERVIÇOS DE ORGANIZAÇÃO DE FEIRAS, CONGRESSOS, EXPOSIÇÕES E FESTAS;Empresário (Individual);Pavilhão de Feiras, Centro de Eventos, Arena Multiuso e Espaço para Eventos;1000;1000;Português
FASHION HALL CENTRO DE EVENTOS E CONVENCOES LTDA;FASHION HALL EVENTOS;29.158.154/0001-98;MICROEMPRESA;28/11/2017;Em Operação;Centro de Convenções;87065-006;PR;Maringá;Parque Industrial;Marcelo Messias Busiquia;1392;(44)3024-0442;SISTICONTABIL@HOTMAIL.COM;comercial@fashionhall.com.br;fashionhall.com.br;15/05/2019 11:51:55;15/05/2021 11:51:55;29.158.154/0001-98;8230-0/02 - CASAS DE FESTAS E EVENTOS;Sociedade Empresária Limitada;Pavilhão de Feiras, Centro de Eventos, Arena Multiuso e Espaço para Eventos;4306;1700; - 
BARRETOS COUNTRY RESORT E CONVENCOES LTDA;BARRETOS COUNTRY RESORT;29.244.021/0001-34;DEMAIS;11/12/2017;Em Operação;Centro de Convenções;14785-100;SP;Barretos;Aeroporto;Pedro Vicentini;- lado ímpar;(17)3321-2321;GERENCIA@BARRETOSCOUNTRYHOTEL.COM.BR;GERENCIA@BARRETOSCOUNTRYHOTEL.COM.BR;www.barretoscountry.com.br;10/08/2018 14:29:44;10/08/2020 14:29:44;29.244.021/0001-34;8230-0/02 - CASAS DE FESTAS E EVENTOS;Sociedade Empresária Limitada;Centro de Convenções e Feiras;4104;2200; - 
MIAMI FOODS & BEVERAGE LTDA;MIAMI FOODS;29.788.424/0001-44;EMPRESA DE PEQUENO PORTE;27/02/2018;Em Implantação;Centro de Convenções;15400-000;GO;Goiânia; - ;Alameda dos Maracas;Condomínio Thermas de Olímpia Resorts;(62)9986-6749;MIAMIFOODSBEVERAGE@GMAIL.COM;MIAMIFOODSBEVERAGE@GMAIL.COM; - ;04/06/2018 08:46:22;04/06/2020 08:46:22;29.788.424/0001-44;8230-0/02 - CASAS DE FESTAS E EVENTOS;Sociedade Empresária Limitada;Centro de Convenções e Feiras;1200;700;Inglês
BALNEARIO AGUAS CLARAS EIRELI;BALNEARIO AGUAS CLARAS;30.126.782/0001-70;MICROEMPRESA;06/04/2018;Em Operação;Centro de Convenções;68485-000;PA;Pacajá; - ;Br230;;(91)9360-5829;mariatavares1887@gmail.com;djanderson.kabulozo@gmail.com; - ;02/04/2019 10:05:16;02/04/2021 10:05:16;30.126.782/0001-70;8230-0/01 - SERVIÇOS DE ORGANIZAÇÃO DE FEIRAS, CONGRESSOS, EXPOSIÇÕES E FESTAS;Empresa Individual de Responsabilidade Limitada (de Natureza Empresária);Pavilhão de Feiras, Centro de Eventos, Arena Multiuso e Espaço para Eventos;4000;3000; - 
D ROBERTO BRAZ FREIRE;DS ENTRETENIMENTOS;30.290.366/0001-03;MICROEMPRESA;24/04/2018;Em Operação;Centro de Convenções;56509-150;PE;Arcoverde;São Miguel;Eurico Pacheco Freire 277; - ;(87)9653-2774;dsentretenimentos@hotmail.com;dsentretenimentos@hotmail.com; - ;12/06/2018 07:01:59;12/06/2020 07:01:59;30.290.366/0001-03;8230-0/01 - SERVIÇOS DE ORGANIZAÇÃO DE FEIRAS, CONGRESSOS, EXPOSIÇÕES E FESTAS;Empresário (Individual);Pavilhão de Feiras, Centro de Eventos, Arena Multiuso e Espaço para Eventos;5000;5000; - 
ESTANCIA DA SERRA EVENTOS LTDA;ESTANCIA DA SERRA EVENTOS;30.333.089/0001-79;MICROEMPRESA;30/04/2018;Em Implantação;Centro de Convenções;89815-899;SC;Chapecó;Área Rural de Chapecó;Rural; - ;(49)2049-9071;estanciadaserrachapeco@gmail.com;estanciadaserrachapeco@gmail.com; - ;03/05/2018 13:17:37;03/05/2020 13:17:37;30.333.089/0001-79;8230-0/02 - CASAS DE FESTAS E EVENTOS;Sociedade Empresária Limitada;Pavilhão de Feiras, Centro de Eventos, Arena Multiuso e Espaço para Eventos;3000;3000;Inglês
MMB PRODUCOES E EVENTOS LTDA;MMB EVENTOS;30.872.391/0001-03;MICROEMPRESA;06/07/2018;Em Operação;Centro de Convenções;70773-560;DF;Brasília;Asa Norte;CLN 116 Bloco F;sala 102;(61)9285-0989;contato@cerradoproducoes.com.br;contato@cerradoproducoes.com.br; - ;31/05/2019 15:32:46;31/05/2021 15:32:46;30.872.391/0001-03;8230-0/01 - SERVIÇOS DE ORGANIZAÇÃO DE FEIRAS, CONGRESSOS, EXPOSIÇÕES E FESTAS;Sociedade Empresária Limitada;Centro de Convenções e Feiras;5000;4000; - 
HOTEL PARAISO TROPICAL LTDA;VILLAGE PARAISO TROPICAL;30.953.910/0001-50;MICROEMPRESA;17/07/2018;Em Operação;Centro de Convenções;45428-000;BA;Morro de São Paulo; - ;Terceira Praia;;(75)3652-1090;GM@VILLAGEPARAISOTROPICAL.COM.BR;GM@VILLAGEPARAISOTROPICAL.COM.BR; - ;02/05/2019 15:14:30;02/05/2021 15:14:30;30.953.910/0001-50;8230-0/01 - SERVIÇOS DE ORGANIZAÇÃO DE FEIRAS, CONGRESSOS, EXPOSIÇÕES E FESTAS;Sociedade Empresária Limitada;Pavilhão de Feiras, Centro de Eventos, Arena Multiuso e Espaço para Eventos;1500;400;Português|Espanhol|Italiano|Inglês
FRIOPOLIS HOTELARIA EIRELI;HOTEL VILA VERDE;31.319.783/0001-02;EMPRESA DE PEQUENO PORTE;11/12/1986;Em Operação;Centro de Convenções;28630-310;RJ;Nova Friburgo;Córrego D'Antas;Antônio Mário de Azevedo; - ;(22)2529-3451;contatos@vilaverdehotel.com.br;contatos@vilaverdehotel.com.br;www.vilaverdehotel.com.br;31/07/2018 11:37:00;31/07/2020 11:37:00;31.319.783/0001-02;8230-0/02 - CASAS DE FESTAS E EVENTOS;Empresa Individual de Responsabilidade Limitada (de Natureza Empresária);Centro de Convenções e Feiras;300;280;Espanhol|Inglês
POUSADA VALE DO RISO LTDA;VALE DO RISO POUSO E ARTE;31.499.321/0001-06;MICROEMPRESA;13/09/2018;Em Implantação;Centro de Convenções;97185-000;RS;Itaara; - ;Rua Syllas Pauler 2481;;(55)9912-6648;VALEDORISOITAARA@GMAIL.COM;VALEDORISOITAARA@GMAIL.COM;www.valedoriso.com.br;26/03/2019 16:30:47;26/03/2021 16:30:47;31.499.321/0001-06;8230-0/02 - CASAS DE FESTAS E EVENTOS;Sociedade Empresária Limitada;Centro de Convenções e Feiras;1200;1200; - 
PASARGADA EVENTOS EIRELI;PASARGADA EVENTOS;32.293.736/0001-91;MICROEMPRESA;20/12/2018;Em Implantação;Centro de Convenções;72980-000;GO;Pirenópolis; - ;chacara pasargada;00;(62)9972-7044;taynapireneus@yahoo.com.br;taynapireneus@yahoo.com.br; - ;27/06/2019 13:37:15;27/06/2021 13:37:15;32.293.736/0001-91;8230-0/02 - CASAS DE FESTAS E EVENTOS;Empresa Individual de Responsabilidade Limitada (de Natureza Empresária);Pavilhão de Feiras, Centro de Eventos, Arena Multiuso e Espaço para Eventos;1800;1800;Português
CRISTINA RAYMUNDO PALAZZO SILVA 94072060500;CCI- CENTRO DE CONVENCOES DE ITANHEM;32.360.624/0001-06;MICROEMPRESA;05/01/2019;Em Operação;Centro de Convenções;45970-000;BA;Itanhém; - ;Rua Presidente Getúlio Vargas, 33;Térreo;(73)8816-3197;kiupalazzo@hotmail.com;kiupalazzo@hotmail.com; - ;26/04/2019 13:51:56;26/04/2021 13:51:56;32.360.624/0001-06;8230-0/02 - CASAS DE FESTAS E EVENTOS;Empresário (Individual);Centro de Convenções e Feiras;620;450; - 
JOSEILTON GODOY FEBRONIO;GRUPO SERGIPANAS;32.436.389/0001-09;MICROEMPRESA;14/01/2019;Em Operação;Centro de Convenções;49200-000;SE;Estância; - ;4269;DISTRITO INDUSTRIAL;(79)9640-0018;GRUPOSERGIPANAS@HOTMAIL.COM;GRUPOSERGIPANAS@HOTMAIL.COM; - ;08/07/2019 09:54:41;08/07/2021 09:54:41;32.436.389/0001-09;8230-0/01 - SERVIÇOS DE ORGANIZAÇÃO DE FEIRAS, CONGRESSOS, EXPOSIÇÕES E FESTAS;Empresário (Individual);Centro de Convenções e Feiras;1;1; - 
STL CLUBE DE CAMPING E ENTRETENIMENTO LTDA;STL VALLEY;32.859.376/0001-42;MICROEMPRESA;22/02/2019;Em Operação;Centro de Convenções;37408-000;MG;São Thomé das Letras; - ;sn;;(35)3214-3076;FINANCEIRO@IPASS.COM.BR;FINANCEIRO@IPASS.COM.BR; - ;24/04/2019 09:17:35;24/04/2021 09:17:35;32.859.376/0001-42;8230-0/02 - CASAS DE FESTAS E EVENTOS;Sociedade Empresária Limitada;Pavilhão de Feiras, Centro de Eventos, Arena Multiuso e Espaço para Eventos;72000;25000; - 
JOSE LUIZ OLEIVEIRA WERF;COLCHOES WERF;33.289.821/0001-49;MICROEMPRESA;08/04/2019;Em Implantação;Centro de Convenções;93801-480;RS;Sapiranga;Ferrabráz;Anita Garibaldi, N 181; - ;(51)9997-1089;ELISSANDROWERFWERF@GMAIL.COM;ELISSANDROWERFWERF@GMAIL.COM; - ;29/04/2019 15:09:59;29/04/2021 15:09:59;33.289.821/0001-49;8230-0/01 - SERVIÇOS DE ORGANIZAÇÃO DE FEIRAS, CONGRESSOS, EXPOSIÇÕES E FESTAS;Empresário (Individual);Centro de Convenções e Feiras;1200;1200; - 
REICOL HOTEIS EIRELI;CASTELO INN HOTEL;33.386.335/0001-49;MICROEMPRESA;04/10/1989;Em Operação;Centro de Convenções;74530-010;GO;Goiânia;Setor Coimbra;Castelo Branco;- de 850 a 2242 - lado par;(62)3226-4400;g.operacional@casteloinnhotel.com.br;g.operacional@casteloinnhotel.com.br;www.casteloinnhotel.com.br;26/03/2018 11:35:36;26/03/2020 11:35:36;33.386.335/0001-49;8230-0/02 - CASAS DE FESTAS E EVENTOS;Empresa Individual de Responsabilidade Limitada (de Natureza Empresária);Centro de Convenções e Feiras;464860;501740; - 
GABRIEL KENNEDY A BARROS;POUSADA RIO GRAJAU;33.638.840/0001-33;MICROEMPRESA;16/05/2019;Em Operação;Centro de Convenções;65940-000;MA;Grajaú; - ;Rua Sete de Setembro, 26;;(99)9158-1030;GABIKAB566@GMAIL.COM;GABIKAB566@GMAIL.COM; - ;03/09/2019 17:44:29;03/09/2021 17:44:29;33.638.840/0001-33;8230-0/01 - SERVIÇOS DE ORGANIZAÇÃO DE FEIRAS, CONGRESSOS, EXPOSIÇÕES E FESTAS;Empresário (Individual);Pavilhão de Feiras, Centro de Eventos, Arena Multiuso e Espaço para Eventos;160;120; - 
LER CULTURAL EIRELI;LER CULTURAL;33.773.036/0001-67;MICROEMPRESA;30/05/2019;Em Operação;Centro de Convenções;22793-297;RJ;Rio de Janeiro;Barra da Tijuca;Mesquitinha; - ;(21)2494-3039;nelson@escalaeventos.com.br;nelson@escalaeventos.com.br; - ;05/06/2019 14:54:06;05/06/2021 14:54:06;33.773.036/0001-67;8230-0/01 - SERVIÇOS DE ORGANIZAÇÃO DE FEIRAS, CONGRESSOS, EXPOSIÇÕES E FESTAS;Empresa Individual de Responsabilidade Limitada (de Natureza Empresária);Pavilhão de Feiras, Centro de Eventos, Arena Multiuso e Espaço para Eventos;150;300; - 
W7G CONSULTORIA EMPRESARIAL EIRELI;OLD ROAD;34.282.567/0001-10;MICROEMPRESA;22/07/2019;Em Operação;Centro de Convenções;02256-000;SP;São Paulo;Vila Constança;das Vertentes; - ;(15)3542-1698;WAGNERGRANS@GMAIL.COM;WAGNERGRANS@GMAIL.COM; - ;05/08/2019 13:43:40;05/08/2021 13:43:40;34.282.567/0001-10;8230-0/01 - SERVIÇOS DE ORGANIZAÇÃO DE FEIRAS, CONGRESSOS, EXPOSIÇÕES E FESTAS;Empresa Individual de Responsabilidade Limitada (de Natureza Empresária);Pavilhão de Feiras, Centro de Eventos, Arena Multiuso e Espaço para Eventos;1400;2000;Inglês|Espanhol
CAPITAL EMPREENDIMENTOS TURISTICOS EIRELI;CANELA MARINA CLUB;38.139.101/0001-10;MICROEMPRESA;25/02/1994;Em Operação;Centro de Convenções;77015-542;TO;Palmas;Plano Diretor Sul;ALCSO 55 Conjunto 1;Lote 5;(63)9998-4713;ncepetroshop@gmail.com;ncepetroshop@gmail.com; - ;14/08/2019 15:54:20;14/08/2021 15:54:20;38.139.101/0001-10;8230-0/01 - SERVIÇOS DE ORGANIZAÇÃO DE FEIRAS, CONGRESSOS, EXPOSIÇÕES E FESTAS;Empresa Individual de Responsabilidade Limitada (de Natureza Empresária);Pavilhão de Feiras, Centro de Eventos, Arena Multiuso e Espaço para Eventos;1200;1000; - 
NEFFA TURISMO EVENTOS E COMERCIO SA;CENTRO DE CONVENÇÕES DE VITÓRIA;39.814.058/0001-04;DEMAIS;03/05/1994;Em Operação;Centro de Convenções;29056-950;ES;Vitória;Santa Lúcia;Centro de Covenções de Vitória; - ;(27)3335-4600;cadastro@lmneffa.com.br;cadastro@lmneffa.com.br;www.gruponeffa.com.br;04/12/2017 17:42:57;04/12/2019 00:00:00;39.814.058/0001-04;8230-0/02 - CASAS DE FESTAS E EVENTOS;Sociedade Anônima Fechada;Centro de Convenções e Feiras;8112;6900;Inglês
HOTEIS ROYAL PALM PLAZA LTDA.;ROYAL PALM PLAZA;46.134.425/0005-18;DEMAIS;14/08/2015;Em Operação;Centro de Convenções;13051-093;SP;Campinas;Jardim do Lago Continuação;Monsenhor Luís Fernandes de Abreu, 311; - ;(19)2137-3708;fiscal.hoteis@grupoarcel.com.br;fiscal.hoteis@grupoarcel.com.br; - ;16/08/2018 12:12:53;16/08/2020 12:12:53;46.134.425/0005-18;8230-0/02 - CASAS DE FESTAS E EVENTOS;Sociedade Empresária Limitada;Centro de Convenções e Feiras;38361800;20959770; - 
POUSADA DA VINICOLA LTDA;POUSADA DA VINICOLA;72.554.371/0001-26;MICROEMPRESA;10/08/1993;Em Operação;Centro de Convenções;88840-000;SC;Urussanga; - ;Estrada Geral s/n;Vigna Mazon;(48)3465-1500;mazon@mazon.com.br;mazon@mazon.com.br;www.mazon.com.br;01/06/2018 14:31:44;01/06/2020 14:31:44;72.554.371/0001-26;8230-0/02 - CASAS DE FESTAS E EVENTOS;Sociedade Empresária Limitada;Pavilhão de Feiras, Centro de Eventos, Arena Multiuso e Espaço para Eventos;1900;1000; - 
RESTAURANTE CANTINA ITALIANA LTDA;RESTAURANTE CANTINA ITALIANA;82.735.507/0001-58;EMPRESA DE PEQUENO PORTE;30/10/1990;Em Operação;Centro de Convenções;88270-000;SC;Nova Trento; - ;Rua Dos Imigrantes;;(48)3267-0028;cantinaitalianant@gmail.com;cantinaitalianant@gmail.com; - ;10/09/2018 13:54:26;10/09/2020 13:54:26;82.735.507/0001-58;8230-0/01 - SERVIÇOS DE ORGANIZAÇÃO DE FEIRAS, CONGRESSOS, EXPOSIÇÕES E FESTAS;Sociedade Empresária Limitada;Centro de Exposições;500;400; - 
FAZENDA EVARISTO EVENTOS LTDA;Fazenda Evaristo;83.645.093/0001-39;MICROEMPRESA;30/08/1979;Em Operação;Centro de Convenções;89295-000;SC;Rio Negrinho; - ;Est RIN 016 Pedro Stoeberl;Número 3705 Rio dos Bugres;(47)9841-4388;guilherme@fazendaevaristo.com.br;guilherme@fazendaevaristo.com.br;www.fazendaevaristo.com.br;22/05/2019 11:29:26;22/05/2021 11:29:26;83.645.093/0001-39;8230-0/02 - CASAS DE FESTAS E EVENTOS;Sociedade Empresária Limitada;Pavilhão de Feiras, Centro de Eventos, Arena Multiuso e Espaço para Eventos;10000;50000;Inglês

